"HITId","HITTypeId","Title","Description","Keywords","Reward","CreationTime","MaxAssignments","RequesterAnnotation","AssignmentDurationInSeconds","AutoApprovalDelayInSeconds","Expiration","NumberOfSimilarHITs","LifetimeInSeconds","AssignmentId","WorkerId","AssignmentStatus","AcceptTime","SubmitTime","AutoApprovalTime","ApprovalTime","RejectionTime","RequesterFeedback","WorkTimeInSeconds","LifetimeApprovalRate","Last30DaysApprovalRate","Last7DaysApprovalRate","Input.text","Input.origin_sentiment","Answer.sentiment.label","Approve","Reject"
"3FVBZG9CLLVHYEDWCMM388J3794H0Y","3JUV1CRER75QH5JIF1IXCFFUAJ32WB","Quick&Short Sentiment analysis","Determine the sentiment of a given sentence.","sentiment, text, easy, NLP, fast","$0.10","Sat Apr 20 02:52:45 PDT 2024","5","BatchId:5212282;OriginalHitTemplateId:928390909;","3600","259200","Sat Apr 27 02:52:45 PDT 2024","","","3YMU66OBIQPHV2MBGRG8HK2BA1XHGG","A2OXQN2EYB3EEB","Submitted","Sat Apr 20 02:53:25 PDT 2024","Sat Apr 20 02:55:36 PDT 2024","Tue Apr 23 02:55:36 PDT 2024","","","","131","100% (2/2)","0% (0/0)","0% (0/0)","She greeted me with a warm smile.","Positive","Positive"
"3FVBZG9CLLVHYEDWCMM388J3794H0Y","3JUV1CRER75QH5JIF1IXCFFUAJ32WB","Quick&Short Sentiment analysis","Determine the sentiment of a given sentence.","sentiment, text, easy, NLP, fast","$0.10","Sat Apr 20 02:52:45 PDT 2024","5","BatchId:5212282;OriginalHitTemplateId:928390909;","3600","259200","Sat Apr 27 02:52:45 PDT 2024","","","3XXU1SWE8PC5AB3CWJHDF6SRQPIA0V","AD5UNXXKBIF3S","Submitted","Sat Apr 20 02:54:31 PDT 2024","Sat Apr 20 02:59:08 PDT 2024","Tue Apr 23 02:59:08 PDT 2024","","","","277","0% (0/0)","0% (0/0)","0% (0/0)","She greeted me with a warm smile.","Positive","Positive"
"3FVBZG9CLLVHYEDWCMM388J3794H0Y","3JUV1CRER75QH5JIF1IXCFFUAJ32WB","Quick&Short Sentiment analysis","Determine the sentiment of a given sentence.","sentiment, text, easy, NLP, fast","$0.10","Sat Apr 20 02:52:45 PDT 2024","5","BatchId:5212282;OriginalHitTemplateId:928390909;","3600","259200","Sat Apr 27 02:52:45 PDT 2024","","","3SNVL38CI79VGG7EKQNM4LXO4Q9CK5","A18RI8LB9C19L6","Submitted","Sat Apr 20 02:54:10 PDT 2024","Sat Apr 20 03:01:57 PDT 2024","Tue Apr 23 03:01:57 PDT 2024","","","","467","0% (0/0)","0% (0/0)","0% (0/0)","She greeted me with a warm smile.","Positive","Positive"
"3FVBZG9CLLVHYEDWCMM388J3794H0Y","3JUV1CRER75QH5JIF1IXCFFUAJ32WB","Quick&Short Sentiment analysis","Determine the sentiment of a given sentence.","sentiment, text, easy, NLP, fast","$0.10","Sat Apr 20 02:52:45 PDT 2024","5","BatchId:5212282;OriginalHitTemplateId:928390909;","3600","259200","Sat Apr 27 02:52:45 PDT 2024","","","32SVAV9L3IQ1R329F6ZWH4QYT12A3Q","A2QMERLPIBQLCS","Submitted","Sat Apr 20 02:55:45 PDT 2024","Sat Apr 20 03:10:55 PDT 2024","Tue Apr 23 03:10:55 PDT 2024","","","","910","100% (7/7)","0% (0/0)","0% (0/0)","She greeted me with a warm smile.","Positive","Positive"
"3FVBZG9CLLVHYEDWCMM388J3794H0Y","3JUV1CRER75QH5JIF1IXCFFUAJ32WB","Quick&Short Sentiment analysis","Determine the sentiment of a given sentence.","sentiment, text, easy, NLP, fast","$0.10","Sat Apr 20 02:52:45 PDT 2024","5","BatchId:5212282;OriginalHitTemplateId:928390909;","3600","259200","Sat Apr 27 02:52:45 PDT 2024","","","3W2LOLRXLEWZMIWX2NDHTGWA4RCKRJ","AL42QQ0WUTNJY","Submitted","Sat Apr 20 03:12:58 PDT 2024","Sat Apr 20 03:20:23 PDT 2024","Tue Apr 23 03:20:23 PDT 2024","","","","445","100% (111/111)","0% (0/0)","0% (0/0)","She greeted me with a warm smile.","Positive","Positive"
"3R868ACW4UT003OBWAHDT7AOAGAGZQ","3JUV1CRER75QH5JIF1IXCFFUAJ32WB","Quick&Short Sentiment analysis","Determine the sentiment of a given sentence.","sentiment, text, easy, NLP, fast","$0.10","Sat Apr 20 02:52:45 PDT 2024","5","BatchId:5212282;OriginalHitTemplateId:928390909;","3600","259200","Sat Apr 27 02:52:45 PDT 2024","","","3EICBYG647D05W1W25NA36XBP19CJ6","A2OXQN2EYB3EEB","Submitted","Sat Apr 20 02:54:08 PDT 2024","Sat Apr 20 02:57:35 PDT 2024","Tue Apr 23 02:57:35 PDT 2024","","","","207","100% (2/2)","0% (0/0)","0% (0/0)","The news of her passing left us all devastated.","Negative","Negative"
"3R868ACW4UT003OBWAHDT7AOAGAGZQ","3JUV1CRER75QH5JIF1IXCFFUAJ32WB","Quick&Short Sentiment analysis","Determine the sentiment of a given sentence.","sentiment, text, easy, NLP, fast","$0.10","Sat Apr 20 02:52:45 PDT 2024","5","BatchId:5212282;OriginalHitTemplateId:928390909;","3600","259200","Sat Apr 27 02:52:45 PDT 2024","","","3EJJQNKU9UM8KSVPW2AKGOGICA8HRC","A18RI8LB9C19L6","Submitted","Sat Apr 20 02:56:46 PDT 2024","Sat Apr 20 03:02:37 PDT 2024","Tue Apr 23 03:02:37 PDT 2024","","","","351","0% (0/0)","0% (0/0)","0% (0/0)","The news of her passing left us all devastated.","Negative","Negative"
"3R868ACW4UT003OBWAHDT7AOAGAGZQ","3JUV1CRER75QH5JIF1IXCFFUAJ32WB","Quick&Short Sentiment analysis","Determine the sentiment of a given sentence.","sentiment, text, easy, NLP, fast","$0.10","Sat Apr 20 02:52:45 PDT 2024","5","BatchId:5212282;OriginalHitTemplateId:928390909;","3600","259200","Sat Apr 27 02:52:45 PDT 2024","","","3I33IC7ZWIJC6L6QB6LRYUL6NN2A2F","AD5UNXXKBIF3S","Submitted","Sat Apr 20 02:55:01 PDT 2024","Sat Apr 20 03:03:52 PDT 2024","Tue Apr 23 03:03:52 PDT 2024","","","","531","0% (0/0)","0% (0/0)","0% (0/0)","The news of her passing left us all devastated.","Negative","Negative"
"3R868ACW4UT003OBWAHDT7AOAGAGZQ","3JUV1CRER75QH5JIF1IXCFFUAJ32WB","Quick&Short Sentiment analysis","Determine the sentiment of a given sentence.","sentiment, text, easy, NLP, fast","$0.10","Sat Apr 20 02:52:45 PDT 2024","5","BatchId:5212282;OriginalHitTemplateId:928390909;","3600","259200","Sat Apr 27 02:52:45 PDT 2024","","","3YJ6NA41JEXJZLA07A9GN6WIOKOPJX","A2QMERLPIBQLCS","Submitted","Sat Apr 20 02:56:17 PDT 2024","Sat Apr 20 03:11:11 PDT 2024","Tue Apr 23 03:11:11 PDT 2024","","","","894","100% (7/7)","0% (0/0)","0% (0/0)","The news of her passing left us all devastated.","Negative","Negative"
"3R868ACW4UT003OBWAHDT7AOAGAGZQ","3JUV1CRER75QH5JIF1IXCFFUAJ32WB","Quick&Short Sentiment analysis","Determine the sentiment of a given sentence.","sentiment, text, easy, NLP, fast","$0.10","Sat Apr 20 02:52:45 PDT 2024","5","BatchId:5212282;OriginalHitTemplateId:928390909;","3600","259200","Sat Apr 27 02:52:45 PDT 2024","","","3M1CVSFP63MTY48BDHBSUCJ93TGAQT","AL42QQ0WUTNJY","Submitted","Sat Apr 20 03:13:11 PDT 2024","Sat Apr 20 03:27:41 PDT 2024","Tue Apr 23 03:27:41 PDT 2024","","","","870","100% (111/111)","0% (0/0)","0% (0/0)","The news of her passing left us all devastated.","Negative","Negative"
"367O8HRHKIPNNB9D6HL4OPGIXW14SM","3JUV1CRER75QH5JIF1IXCFFUAJ32WB","Quick&Short Sentiment analysis","Determine the sentiment of a given sentence.","sentiment, text, easy, NLP, fast","$0.10","Sat Apr 20 02:52:45 PDT 2024","5","BatchId:5212282;OriginalHitTemplateId:928390909;","3600","259200","Sat Apr 27 02:52:45 PDT 2024","","","3A4TN5196NZ4EQ66E5KPRTHWC95CH1","A2OXQN2EYB3EEB","Submitted","Sat Apr 20 02:54:04 PDT 2024","Sat Apr 20 02:57:04 PDT 2024","Tue Apr 23 02:57:04 PDT 2024","","","","180","100% (2/2)","0% (0/0)","0% (0/0)","My car broke down on the way to an important meeting, causing me to miss it.","Negative","Negative"
"367O8HRHKIPNNB9D6HL4OPGIXW14SM","3JUV1CRER75QH5JIF1IXCFFUAJ32WB","Quick&Short Sentiment analysis","Determine the sentiment of a given sentence.","sentiment, text, easy, NLP, fast","$0.10","Sat Apr 20 02:52:45 PDT 2024","5","BatchId:5212282;OriginalHitTemplateId:928390909;","3600","259200","Sat Apr 27 02:52:45 PDT 2024","","","3TY7ZAOG5I1BMOCY8AU29KVNV1CK0K","A18RI8LB9C19L6","Submitted","Sat Apr 20 02:54:09 PDT 2024","Sat Apr 20 03:01:36 PDT 2024","Tue Apr 23 03:01:36 PDT 2024","","","","447","0% (0/0)","0% (0/0)","0% (0/0)","My car broke down on the way to an important meeting, causing me to miss it.","Negative","Negative"
"367O8HRHKIPNNB9D6HL4OPGIXW14SM","3JUV1CRER75QH5JIF1IXCFFUAJ32WB","Quick&Short Sentiment analysis","Determine the sentiment of a given sentence.","sentiment, text, easy, NLP, fast","$0.10","Sat Apr 20 02:52:45 PDT 2024","5","BatchId:5212282;OriginalHitTemplateId:928390909;","3600","259200","Sat Apr 27 02:52:45 PDT 2024","","","3VELCLL3GN00DR523I757CMSSX1F1G","AD5UNXXKBIF3S","Submitted","Sat Apr 20 02:54:41 PDT 2024","Sat Apr 20 03:01:37 PDT 2024","Tue Apr 23 03:01:37 PDT 2024","","","","416","0% (0/0)","0% (0/0)","0% (0/0)","My car broke down on the way to an important meeting, causing me to miss it.","Negative","Negative"
"367O8HRHKIPNNB9D6HL4OPGIXW14SM","3JUV1CRER75QH5JIF1IXCFFUAJ32WB","Quick&Short Sentiment analysis","Determine the sentiment of a given sentence.","sentiment, text, easy, NLP, fast","$0.10","Sat Apr 20 02:52:45 PDT 2024","5","BatchId:5212282;OriginalHitTemplateId:928390909;","3600","259200","Sat Apr 27 02:52:45 PDT 2024","","","3KRVW3HTZQ26DLWD2OQ2Y3TAFYQMSE","A2QMERLPIBQLCS","Submitted","Sat Apr 20 02:55:33 PDT 2024","Sat Apr 20 03:07:02 PDT 2024","Tue Apr 23 03:07:02 PDT 2024","","","","689","100% (7/7)","0% (0/0)","0% (0/0)","My car broke down on the way to an important meeting, causing me to miss it.","Negative","Negative"
"367O8HRHKIPNNB9D6HL4OPGIXW14SM","3JUV1CRER75QH5JIF1IXCFFUAJ32WB","Quick&Short Sentiment analysis","Determine the sentiment of a given sentence.","sentiment, text, easy, NLP, fast","$0.10","Sat Apr 20 02:52:45 PDT 2024","5","BatchId:5212282;OriginalHitTemplateId:928390909;","3600","259200","Sat Apr 27 02:52:45 PDT 2024","","","3N4BPTXIOB9R2AOE6H8MYRJUBQGKUN","AL42QQ0WUTNJY","Submitted","Sat Apr 20 03:13:07 PDT 2024","Sat Apr 20 03:24:38 PDT 2024","Tue Apr 23 03:24:38 PDT 2024","","","","691","100% (111/111)","0% (0/0)","0% (0/0)","My car broke down on the way to an important meeting, causing me to miss it.","Negative","Negative"
"3THR0FZ95RA4NRO55S3CQ18SMTTLOZ","3JUV1CRER75QH5JIF1IXCFFUAJ32WB","Quick&Short Sentiment analysis","Determine the sentiment of a given sentence.","sentiment, text, easy, NLP, fast","$0.10","Sat Apr 20 02:52:45 PDT 2024","5","BatchId:5212282;OriginalHitTemplateId:928390909;","3600","259200","Sat Apr 27 02:52:45 PDT 2024","","","32SCWG5HIKL7BQVTNRFRE2RD2E4P6R","A2OXQN2EYB3EEB","Submitted","Sat Apr 20 02:53:36 PDT 2024","Sat Apr 20 02:56:04 PDT 2024","Tue Apr 23 02:56:04 PDT 2024","","","","148","100% (2/2)","0% (0/0)","0% (0/0)","I received a promotion at work, and I couldn't be happier.","Positive","Positive"
"3THR0FZ95RA4NRO55S3CQ18SMTTLOZ","3JUV1CRER75QH5JIF1IXCFFUAJ32WB","Quick&Short Sentiment analysis","Determine the sentiment of a given sentence.","sentiment, text, easy, NLP, fast","$0.10","Sat Apr 20 02:52:45 PDT 2024","5","BatchId:5212282;OriginalHitTemplateId:928390909;","3600","259200","Sat Apr 27 02:52:45 PDT 2024","","","3RANCT1ZVIYQ97KK04VTZO04OW7UBD","AD5UNXXKBIF3S","Submitted","Sat Apr 20 02:53:14 PDT 2024","Sat Apr 20 02:58:52 PDT 2024","Tue Apr 23 02:58:52 PDT 2024","","","","338","0% (0/0)","0% (0/0)","0% (0/0)","I received a promotion at work, and I couldn't be happier.","Positive","Positive"
"3THR0FZ95RA4NRO55S3CQ18SMTTLOZ","3JUV1CRER75QH5JIF1IXCFFUAJ32WB","Quick&Short Sentiment analysis","Determine the sentiment of a given sentence.","sentiment, text, easy, NLP, fast","$0.10","Sat Apr 20 02:52:45 PDT 2024","5","BatchId:5212282;OriginalHitTemplateId:928390909;","3600","259200","Sat Apr 27 02:52:45 PDT 2024","","","3B837J3LDRDXA1957WMJK2NKLLPRS7","A18RI8LB9C19L6","Submitted","Sat Apr 20 02:54:03 PDT 2024","Sat Apr 20 02:59:55 PDT 2024","Tue Apr 23 02:59:55 PDT 2024","","","","352","0% (0/0)","0% (0/0)","0% (0/0)","I received a promotion at work, and I couldn't be happier.","Positive","Positive"
"3THR0FZ95RA4NRO55S3CQ18SMTTLOZ","3JUV1CRER75QH5JIF1IXCFFUAJ32WB","Quick&Short Sentiment analysis","Determine the sentiment of a given sentence.","sentiment, text, easy, NLP, fast","$0.10","Sat Apr 20 02:52:45 PDT 2024","5","BatchId:5212282;OriginalHitTemplateId:928390909;","3600","259200","Sat Apr 27 02:52:45 PDT 2024","","","37WLF8U1WS760ZYDAZAJIL5E84YK6L","A2QMERLPIBQLCS","Submitted","Sat Apr 20 02:55:36 PDT 2024","Sat Apr 20 03:07:53 PDT 2024","Tue Apr 23 03:07:53 PDT 2024","","","","737","100% (7/7)","0% (0/0)","0% (0/0)","I received a promotion at work, and I couldn't be happier.","Positive","Positive"
"3THR0FZ95RA4NRO55S3CQ18SMTTLOZ","3JUV1CRER75QH5JIF1IXCFFUAJ32WB","Quick&Short Sentiment analysis","Determine the sentiment of a given sentence.","sentiment, text, easy, NLP, fast","$0.10","Sat Apr 20 02:52:45 PDT 2024","5","BatchId:5212282;OriginalHitTemplateId:928390909;","3600","259200","Sat Apr 27 02:52:45 PDT 2024","","","3YOH7BII0CORFPDEB7IRUDLDPXPKVC","AL42QQ0WUTNJY","Submitted","Sat Apr 20 03:13:10 PDT 2024","Sat Apr 20 03:27:03 PDT 2024","Tue Apr 23 03:27:03 PDT 2024","","","","833","100% (111/111)","0% (0/0)","0% (0/0)","I received a promotion at work, and I couldn't be happier.","Positive","Positive"
"3LN50BUKPXSM8R06KSGRF1DIWYPLPG","3JUV1CRER75QH5JIF1IXCFFUAJ32WB","Quick&Short Sentiment analysis","Determine the sentiment of a given sentence.","sentiment, text, easy, NLP, fast","$0.10","Sat Apr 20 02:52:45 PDT 2024","5","BatchId:5212282;OriginalHitTemplateId:928390909;","3600","259200","Sat Apr 27 02:52:45 PDT 2024","","","3NG53N1RLY0UF4EHG6CPYGN489UP8D","A18RI8LB9C19L6","Submitted","Sat Apr 20 02:54:00 PDT 2024","Sat Apr 20 02:58:35 PDT 2024","Tue Apr 23 02:58:35 PDT 2024","","","","275","0% (0/0)","0% (0/0)","0% (0/0)","Spending time with loved ones always fills my heart with joy.","Positive","Positive"
"3LN50BUKPXSM8R06KSGRF1DIWYPLPG","3JUV1CRER75QH5JIF1IXCFFUAJ32WB","Quick&Short Sentiment analysis","Determine the sentiment of a given sentence.","sentiment, text, easy, NLP, fast","$0.10","Sat Apr 20 02:52:45 PDT 2024","5","BatchId:5212282;OriginalHitTemplateId:928390909;","3600","259200","Sat Apr 27 02:52:45 PDT 2024","","","3GGAI1SQEYFQ647H5202JYPSTV4CMA","AD5UNXXKBIF3S","Submitted","Sat Apr 20 02:54:47 PDT 2024","Sat Apr 20 03:03:32 PDT 2024","Tue Apr 23 03:03:32 PDT 2024","","","","525","0% (0/0)","0% (0/0)","0% (0/0)","Spending time with loved ones always fills my heart with joy.","Positive","Positive"
"3LN50BUKPXSM8R06KSGRF1DIWYPLPG","3JUV1CRER75QH5JIF1IXCFFUAJ32WB","Quick&Short Sentiment analysis","Determine the sentiment of a given sentence.","sentiment, text, easy, NLP, fast","$0.10","Sat Apr 20 02:52:45 PDT 2024","5","BatchId:5212282;OriginalHitTemplateId:928390909;","3600","259200","Sat Apr 27 02:52:45 PDT 2024","","","3LEIZ60CDMGO7DZX87G5PAKT2EJ9Z7","A2OXQN2EYB3EEB","Submitted","Sat Apr 20 02:54:14 PDT 2024","Sat Apr 20 03:04:46 PDT 2024","Tue Apr 23 03:04:46 PDT 2024","","","","632","100% (2/2)","0% (0/0)","0% (0/0)","Spending time with loved ones always fills my heart with joy.","Positive","Positive"
"3LN50BUKPXSM8R06KSGRF1DIWYPLPG","3JUV1CRER75QH5JIF1IXCFFUAJ32WB","Quick&Short Sentiment analysis","Determine the sentiment of a given sentence.","sentiment, text, easy, NLP, fast","$0.10","Sat Apr 20 02:52:45 PDT 2024","5","BatchId:5212282;OriginalHitTemplateId:928390909;","3600","259200","Sat Apr 27 02:52:45 PDT 2024","","","3AQF3RZ55BZVKD6Z9OJM28D908HF6E","A2QMERLPIBQLCS","Submitted","Sat Apr 20 02:55:43 PDT 2024","Sat Apr 20 03:10:25 PDT 2024","Tue Apr 23 03:10:25 PDT 2024","","","","882","100% (7/7)","0% (0/0)","0% (0/0)","Spending time with loved ones always fills my heart with joy.","Positive","Positive"
"3LN50BUKPXSM8R06KSGRF1DIWYPLPG","3JUV1CRER75QH5JIF1IXCFFUAJ32WB","Quick&Short Sentiment analysis","Determine the sentiment of a given sentence.","sentiment, text, easy, NLP, fast","$0.10","Sat Apr 20 02:52:45 PDT 2024","5","BatchId:5212282;OriginalHitTemplateId:928390909;","3600","259200","Sat Apr 27 02:52:45 PDT 2024","","","3WYGZ5XF3ZWBNXWAHCDMJQ16QTVKS7","AL42QQ0WUTNJY","Submitted","Sat Apr 20 03:13:03 PDT 2024","Sat Apr 20 03:22:56 PDT 2024","Tue Apr 23 03:22:56 PDT 2024","","","","593","100% (111/111)","0% (0/0)","0% (0/0)","Spending time with loved ones always fills my heart with joy.","Positive","Positive"
"3EHVO81VN72H53YE85Q3MD2DC1AH11","3JUV1CRER75QH5JIF1IXCFFUAJ32WB","Quick&Short Sentiment analysis","Determine the sentiment of a given sentence.","sentiment, text, easy, NLP, fast","$0.10","Sat Apr 20 02:52:45 PDT 2024","5","BatchId:5212282;OriginalHitTemplateId:928390909;","3600","259200","Sat Apr 27 02:52:45 PDT 2024","","","3LBXNTKX0UCZ2IZI7PSKSP4IUEL9XA","A18RI8LB9C19L6","Submitted","Sat Apr 20 02:53:56 PDT 2024","Sat Apr 20 02:57:19 PDT 2024","Tue Apr 23 02:57:19 PDT 2024","","","","203","0% (0/0)","0% (0/0)","0% (0/0)","The aroma of freshly baked cookies filled the kitchen, bringing back fond childhood memories.","Positive","Positive"
"3EHVO81VN72H53YE85Q3MD2DC1AH11","3JUV1CRER75QH5JIF1IXCFFUAJ32WB","Quick&Short Sentiment analysis","Determine the sentiment of a given sentence.","sentiment, text, easy, NLP, fast","$0.10","Sat Apr 20 02:52:45 PDT 2024","5","BatchId:5212282;OriginalHitTemplateId:928390909;","3600","259200","Sat Apr 27 02:52:45 PDT 2024","","","373ERPL3YRPYP1MKWWR9U7J6N43RTW","AD5UNXXKBIF3S","Submitted","Sat Apr 20 02:54:32 PDT 2024","Sat Apr 20 02:59:28 PDT 2024","Tue Apr 23 02:59:28 PDT 2024","","","","296","0% (0/0)","0% (0/0)","0% (0/0)","The aroma of freshly baked cookies filled the kitchen, bringing back fond childhood memories.","Positive","Positive"
"3EHVO81VN72H53YE85Q3MD2DC1AH11","3JUV1CRER75QH5JIF1IXCFFUAJ32WB","Quick&Short Sentiment analysis","Determine the sentiment of a given sentence.","sentiment, text, easy, NLP, fast","$0.10","Sat Apr 20 02:52:45 PDT 2024","5","BatchId:5212282;OriginalHitTemplateId:928390909;","3600","259200","Sat Apr 27 02:52:45 PDT 2024","","","3E4GGUZ1TB8IIYFCNXYGS8O2SZWK24","A2OXQN2EYB3EEB","Submitted","Sat Apr 20 02:54:14 PDT 2024","Sat Apr 20 03:04:33 PDT 2024","Tue Apr 23 03:04:33 PDT 2024","","","","619","100% (2/2)","0% (0/0)","0% (0/0)","The aroma of freshly baked cookies filled the kitchen, bringing back fond childhood memories.","Positive","Positive"
"3EHVO81VN72H53YE85Q3MD2DC1AH11","3JUV1CRER75QH5JIF1IXCFFUAJ32WB","Quick&Short Sentiment analysis","Determine the sentiment of a given sentence.","sentiment, text, easy, NLP, fast","$0.10","Sat Apr 20 02:52:45 PDT 2024","5","BatchId:5212282;OriginalHitTemplateId:928390909;","3600","259200","Sat Apr 27 02:52:45 PDT 2024","","","3U5NZHP4LUJN8FFAJA6VBTG3BSKHPK","A2QMERLPIBQLCS","Submitted","Sat Apr 20 02:55:34 PDT 2024","Sat Apr 20 03:07:21 PDT 2024","Tue Apr 23 03:07:21 PDT 2024","","","","707","100% (7/7)","0% (0/0)","0% (0/0)","The aroma of freshly baked cookies filled the kitchen, bringing back fond childhood memories.","Positive","Positive"
"3EHVO81VN72H53YE85Q3MD2DC1AH11","3JUV1CRER75QH5JIF1IXCFFUAJ32WB","Quick&Short Sentiment analysis","Determine the sentiment of a given sentence.","sentiment, text, easy, NLP, fast","$0.10","Sat Apr 20 02:52:45 PDT 2024","5","BatchId:5212282;OriginalHitTemplateId:928390909;","3600","259200","Sat Apr 27 02:52:45 PDT 2024","","","3Y4W8Q93L21J1J74JQW4Q0QN5OSVDA","AL42QQ0WUTNJY","Submitted","Sat Apr 20 03:13:12 PDT 2024","Sat Apr 20 03:27:59 PDT 2024","Tue Apr 23 03:27:59 PDT 2024","","","","887","100% (111/111)","0% (0/0)","0% (0/0)","The aroma of freshly baked cookies filled the kitchen, bringing back fond childhood memories.","Positive","Positive"
"3YOAVL4CA2YKONVR19FCKIDLKB0Z4L","3JUV1CRER75QH5JIF1IXCFFUAJ32WB","Quick&Short Sentiment analysis","Determine the sentiment of a given sentence.","sentiment, text, easy, NLP, fast","$0.10","Sat Apr 20 02:52:45 PDT 2024","5","BatchId:5212282;OriginalHitTemplateId:928390909;","3600","259200","Sat Apr 27 02:52:45 PDT 2024","","","3RYC5T2D76A0X9TDFFIPPXI9Y1IRPR","A18RI8LB9C19L6","Submitted","Sat Apr 20 02:53:55 PDT 2024","Sat Apr 20 02:57:04 PDT 2024","Tue Apr 23 02:57:04 PDT 2024","","","","189","0% (0/0)","0% (0/0)","0% (0/0)","The heavy rain ruined our outdoor picnic plans.","Negative","Negative"
"3YOAVL4CA2YKONVR19FCKIDLKB0Z4L","3JUV1CRER75QH5JIF1IXCFFUAJ32WB","Quick&Short Sentiment analysis","Determine the sentiment of a given sentence.","sentiment, text, easy, NLP, fast","$0.10","Sat Apr 20 02:52:45 PDT 2024","5","BatchId:5212282;OriginalHitTemplateId:928390909;","3600","259200","Sat Apr 27 02:52:45 PDT 2024","","","3L4D84MIL29RM4CCOX1BEXUR2TEHJK","A2OXQN2EYB3EEB","Submitted","Sat Apr 20 02:54:10 PDT 2024","Sat Apr 20 02:59:24 PDT 2024","Tue Apr 23 02:59:24 PDT 2024","","","","314","100% (2/2)","0% (0/0)","0% (0/0)","The heavy rain ruined our outdoor picnic plans.","Negative","Negative"
"3YOAVL4CA2YKONVR19FCKIDLKB0Z4L","3JUV1CRER75QH5JIF1IXCFFUAJ32WB","Quick&Short Sentiment analysis","Determine the sentiment of a given sentence.","sentiment, text, easy, NLP, fast","$0.10","Sat Apr 20 02:52:45 PDT 2024","5","BatchId:5212282;OriginalHitTemplateId:928390909;","3600","259200","Sat Apr 27 02:52:45 PDT 2024","","","3QY5DC2MXU1GMOW056HPIERP3UZUFV","AD5UNXXKBIF3S","Submitted","Sat Apr 20 02:54:36 PDT 2024","Sat Apr 20 03:00:20 PDT 2024","Tue Apr 23 03:00:20 PDT 2024","","","","344","0% (0/0)","0% (0/0)","0% (0/0)","The heavy rain ruined our outdoor picnic plans.","Negative","Negative"
"3YOAVL4CA2YKONVR19FCKIDLKB0Z4L","3JUV1CRER75QH5JIF1IXCFFUAJ32WB","Quick&Short Sentiment analysis","Determine the sentiment of a given sentence.","sentiment, text, easy, NLP, fast","$0.10","Sat Apr 20 02:52:45 PDT 2024","5","BatchId:5212282;OriginalHitTemplateId:928390909;","3600","259200","Sat Apr 27 02:52:45 PDT 2024","","","31N2WW6R9U7WNUJHQMLOV51PQHFF38","A2QMERLPIBQLCS","Submitted","Sat Apr 20 02:55:39 PDT 2024","Sat Apr 20 03:08:56 PDT 2024","Tue Apr 23 03:08:56 PDT 2024","","","","797","100% (7/7)","0% (0/0)","0% (0/0)","The heavy rain ruined our outdoor picnic plans.","Negative","Negative"
"3YOAVL4CA2YKONVR19FCKIDLKB0Z4L","3JUV1CRER75QH5JIF1IXCFFUAJ32WB","Quick&Short Sentiment analysis","Determine the sentiment of a given sentence.","sentiment, text, easy, NLP, fast","$0.10","Sat Apr 20 02:52:45 PDT 2024","5","BatchId:5212282;OriginalHitTemplateId:928390909;","3600","259200","Sat Apr 27 02:52:45 PDT 2024","","","3OVR4I9USS0EWFSU4G11H9X9BJKQ4Y","AL42QQ0WUTNJY","Submitted","Sat Apr 20 03:12:57 PDT 2024","Sat Apr 20 03:19:28 PDT 2024","Tue Apr 23 03:19:28 PDT 2024","","","","391","100% (111/111)","0% (0/0)","0% (0/0)","The heavy rain ruined our outdoor picnic plans.","Negative","Negative"
"3TY2U1TEB9RKRQ98MUZU2QEEJAEJJC","3JUV1CRER75QH5JIF1IXCFFUAJ32WB","Quick&Short Sentiment analysis","Determine the sentiment of a given sentence.","sentiment, text, easy, NLP, fast","$0.10","Sat Apr 20 02:52:45 PDT 2024","5","BatchId:5212282;OriginalHitTemplateId:928390909;","3600","259200","Sat Apr 27 02:52:45 PDT 2024","","","3LUY3GC632HQFQ9Y61KJKGR9XPOP7Q","A18RI8LB9C19L6","Submitted","Sat Apr 20 02:53:58 PDT 2024","Sat Apr 20 02:58:02 PDT 2024","Tue Apr 23 02:58:02 PDT 2024","","","","244","0% (0/0)","0% (0/0)","0% (0/0)","After waiting for hours, my flight was canceled without any explanation.","Negative","Negative"
"3TY2U1TEB9RKRQ98MUZU2QEEJAEJJC","3JUV1CRER75QH5JIF1IXCFFUAJ32WB","Quick&Short Sentiment analysis","Determine the sentiment of a given sentence.","sentiment, text, easy, NLP, fast","$0.10","Sat Apr 20 02:52:45 PDT 2024","5","BatchId:5212282;OriginalHitTemplateId:928390909;","3600","259200","Sat Apr 27 02:52:45 PDT 2024","","","3NJM2BJS4ZNWR74UXISU02JNY0FPCJ","AD5UNXXKBIF3S","Submitted","Sat Apr 20 02:54:37 PDT 2024","Sat Apr 20 03:00:33 PDT 2024","Tue Apr 23 03:00:33 PDT 2024","","","","356","0% (0/0)","0% (0/0)","0% (0/0)","After waiting for hours, my flight was canceled without any explanation.","Negative","Negative"
"3TY2U1TEB9RKRQ98MUZU2QEEJAEJJC","3JUV1CRER75QH5JIF1IXCFFUAJ32WB","Quick&Short Sentiment analysis","Determine the sentiment of a given sentence.","sentiment, text, easy, NLP, fast","$0.10","Sat Apr 20 02:52:45 PDT 2024","5","BatchId:5212282;OriginalHitTemplateId:928390909;","3600","259200","Sat Apr 27 02:52:45 PDT 2024","","","3Z9WI9EOZ25MXOIU6I1NFCU4HIEHKJ","A2OXQN2EYB3EEB","Submitted","Sat Apr 20 02:54:12 PDT 2024","Sat Apr 20 03:02:14 PDT 2024","Tue Apr 23 03:02:14 PDT 2024","","","","482","100% (2/2)","0% (0/0)","0% (0/0)","After waiting for hours, my flight was canceled without any explanation.","Negative","Negative"
"3TY2U1TEB9RKRQ98MUZU2QEEJAEJJC","3JUV1CRER75QH5JIF1IXCFFUAJ32WB","Quick&Short Sentiment analysis","Determine the sentiment of a given sentence.","sentiment, text, easy, NLP, fast","$0.10","Sat Apr 20 02:52:45 PDT 2024","5","BatchId:5212282;OriginalHitTemplateId:928390909;","3600","259200","Sat Apr 27 02:52:45 PDT 2024","","","3U5NZHP4LUJN8FFAJA6VBTG3BSKPHS","A2QMERLPIBQLCS","Submitted","Sat Apr 20 02:55:44 PDT 2024","Sat Apr 20 03:10:41 PDT 2024","Tue Apr 23 03:10:41 PDT 2024","","","","897","100% (7/7)","0% (0/0)","0% (0/0)","After waiting for hours, my flight was canceled without any explanation.","Negative","Negative"
"3TY2U1TEB9RKRQ98MUZU2QEEJAEJJC","3JUV1CRER75QH5JIF1IXCFFUAJ32WB","Quick&Short Sentiment analysis","Determine the sentiment of a given sentence.","sentiment, text, easy, NLP, fast","$0.10","Sat Apr 20 02:52:45 PDT 2024","5","BatchId:5212282;OriginalHitTemplateId:928390909;","3600","259200","Sat Apr 27 02:52:45 PDT 2024","","","3DOCMVPBTQVFFQP86TOGCO84XPSNN3","AL42QQ0WUTNJY","Submitted","Sat Apr 20 03:13:05 PDT 2024","Sat Apr 20 03:23:41 PDT 2024","Tue Apr 23 03:23:41 PDT 2024","","","","636","100% (111/111)","0% (0/0)","0% (0/0)","After waiting for hours, my flight was canceled without any explanation.","Negative","Negative"
"3ZTE0JGGCG9BKNUZSFADNII5SKFCOA","3JUV1CRER75QH5JIF1IXCFFUAJ32WB","Quick&Short Sentiment analysis","Determine the sentiment of a given sentence.","sentiment, text, easy, NLP, fast","$0.10","Sat Apr 20 02:52:45 PDT 2024","5","BatchId:5212282;OriginalHitTemplateId:928390909;","3600","259200","Sat Apr 27 02:52:45 PDT 2024","","","3GNCZX450L48YS7WD4W3U7TZYXUPAH","A2OXQN2EYB3EEB","Submitted","Sat Apr 20 02:54:07 PDT 2024","Sat Apr 20 02:57:19 PDT 2024","Tue Apr 23 02:57:19 PDT 2024","","","","192","100% (2/2)","0% (0/0)","0% (0/0)","Being stuck in traffic made me late for my appointment.","Negative","Negative"
"3ZTE0JGGCG9BKNUZSFADNII5SKFCOA","3JUV1CRER75QH5JIF1IXCFFUAJ32WB","Quick&Short Sentiment analysis","Determine the sentiment of a given sentence.","sentiment, text, easy, NLP, fast","$0.10","Sat Apr 20 02:52:45 PDT 2024","5","BatchId:5212282;OriginalHitTemplateId:928390909;","3600","259200","Sat Apr 27 02:52:45 PDT 2024","","","3WJEQKOXABJ5H0OUS2LDTBB1VHOA1Y","AD5UNXXKBIF3S","Submitted","Sat Apr 20 02:54:33 PDT 2024","Sat Apr 20 02:59:42 PDT 2024","Tue Apr 23 02:59:42 PDT 2024","","","","309","0% (0/0)","0% (0/0)","0% (0/0)","Being stuck in traffic made me late for my appointment.","Negative","Negative"
"3ZTE0JGGCG9BKNUZSFADNII5SKFCOA","3JUV1CRER75QH5JIF1IXCFFUAJ32WB","Quick&Short Sentiment analysis","Determine the sentiment of a given sentence.","sentiment, text, easy, NLP, fast","$0.10","Sat Apr 20 02:52:45 PDT 2024","5","BatchId:5212282;OriginalHitTemplateId:928390909;","3600","259200","Sat Apr 27 02:52:45 PDT 2024","","","33TIN5LC07RO2NPSCLEMB3BRWKF9YG","A18RI8LB9C19L6","Submitted","Sat Apr 20 02:54:11 PDT 2024","Sat Apr 20 03:02:16 PDT 2024","Tue Apr 23 03:02:16 PDT 2024","","","","485","0% (0/0)","0% (0/0)","0% (0/0)","Being stuck in traffic made me late for my appointment.","Negative","Negative"
"3ZTE0JGGCG9BKNUZSFADNII5SKFCOA","3JUV1CRER75QH5JIF1IXCFFUAJ32WB","Quick&Short Sentiment analysis","Determine the sentiment of a given sentence.","sentiment, text, easy, NLP, fast","$0.10","Sat Apr 20 02:52:45 PDT 2024","5","BatchId:5212282;OriginalHitTemplateId:928390909;","3600","259200","Sat Apr 27 02:52:45 PDT 2024","","","3GM6G9ZBKQE7SL9SROVS88PWHH4MT3","A2QMERLPIBQLCS","Submitted","Sat Apr 20 02:55:40 PDT 2024","Sat Apr 20 03:09:18 PDT 2024","Tue Apr 23 03:09:18 PDT 2024","","","","818","100% (7/7)","0% (0/0)","0% (0/0)","Being stuck in traffic made me late for my appointment.","Negative","Negative"
"3ZTE0JGGCG9BKNUZSFADNII5SKFCOA","3JUV1CRER75QH5JIF1IXCFFUAJ32WB","Quick&Short Sentiment analysis","Determine the sentiment of a given sentence.","sentiment, text, easy, NLP, fast","$0.10","Sat Apr 20 02:52:45 PDT 2024","5","BatchId:5212282;OriginalHitTemplateId:928390909;","3600","259200","Sat Apr 27 02:52:45 PDT 2024","","","3K772S5NPBSJBOQKAWQKHHHZXLIHEZ","A1X57FIBR8OOBG","Submitted","Sat Apr 20 02:53:01 PDT 2024","Sat Apr 20 03:14:58 PDT 2024","Tue Apr 23 03:14:58 PDT 2024","","","","1317","0% (0/0)","0% (0/0)","0% (0/0)","Being stuck in traffic made me late for my appointment.","Negative","Negative"
"373L46LKP9NF2AFQ4FZ635ERYZEJKB","3JUV1CRER75QH5JIF1IXCFFUAJ32WB","Quick&Short Sentiment analysis","Determine the sentiment of a given sentence.","sentiment, text, easy, NLP, fast","$0.10","Sat Apr 20 02:52:45 PDT 2024","5","BatchId:5212282;OriginalHitTemplateId:928390909;","3600","259200","Sat Apr 27 02:52:45 PDT 2024","","","3XCC1ODXDOSLXLUSFSXEP28J3X4RQI","A18RI8LB9C19L6","Submitted","Sat Apr 20 02:53:59 PDT 2024","Sat Apr 20 02:58:20 PDT 2024","Tue Apr 23 02:58:20 PDT 2024","","","","261","0% (0/0)","0% (0/0)","0% (0/0)","Receiving a handwritten letter from an old friend made my day.","Positive","Positive"
"373L46LKP9NF2AFQ4FZ635ERYZEJKB","3JUV1CRER75QH5JIF1IXCFFUAJ32WB","Quick&Short Sentiment analysis","Determine the sentiment of a given sentence.","sentiment, text, easy, NLP, fast","$0.10","Sat Apr 20 02:52:45 PDT 2024","5","BatchId:5212282;OriginalHitTemplateId:928390909;","3600","259200","Sat Apr 27 02:52:45 PDT 2024","","","34S6N1K2ZY0XHU0CRIDOUC7J6IJHLM","AD5UNXXKBIF3S","Submitted","Sat Apr 20 02:54:39 PDT 2024","Sat Apr 20 03:01:05 PDT 2024","Tue Apr 23 03:01:05 PDT 2024","","","","386","0% (0/0)","0% (0/0)","0% (0/0)","Receiving a handwritten letter from an old friend made my day.","Positive","Positive"
"373L46LKP9NF2AFQ4FZ635ERYZEJKB","3JUV1CRER75QH5JIF1IXCFFUAJ32WB","Quick&Short Sentiment analysis","Determine the sentiment of a given sentence.","sentiment, text, easy, NLP, fast","$0.10","Sat Apr 20 02:52:45 PDT 2024","5","BatchId:5212282;OriginalHitTemplateId:928390909;","3600","259200","Sat Apr 27 02:52:45 PDT 2024","","","3RSDURM96D35XJG9KWU83HC2NHVEYV","A2OXQN2EYB3EEB","Submitted","Sat Apr 20 02:54:15 PDT 2024","Sat Apr 20 03:04:58 PDT 2024","Tue Apr 23 03:04:58 PDT 2024","","","","643","100% (2/2)","0% (0/0)","0% (0/0)","Receiving a handwritten letter from an old friend made my day.","Positive","Positive"
"373L46LKP9NF2AFQ4FZ635ERYZEJKB","3JUV1CRER75QH5JIF1IXCFFUAJ32WB","Quick&Short Sentiment analysis","Determine the sentiment of a given sentence.","sentiment, text, easy, NLP, fast","$0.10","Sat Apr 20 02:52:45 PDT 2024","5","BatchId:5212282;OriginalHitTemplateId:928390909;","3600","259200","Sat Apr 27 02:52:45 PDT 2024","","","3KV0LJBBH52UC6W0NZQX8TOETW7MRQ","A2QMERLPIBQLCS","Submitted","Sat Apr 20 02:55:29 PDT 2024","Sat Apr 20 03:06:35 PDT 2024","Tue Apr 23 03:06:35 PDT 2024","","","","666","100% (7/7)","0% (0/0)","0% (0/0)","Receiving a handwritten letter from an old friend made my day.","Positive","Positive"
"373L46LKP9NF2AFQ4FZ635ERYZEJKB","3JUV1CRER75QH5JIF1IXCFFUAJ32WB","Quick&Short Sentiment analysis","Determine the sentiment of a given sentence.","sentiment, text, easy, NLP, fast","$0.10","Sat Apr 20 02:52:45 PDT 2024","5","BatchId:5212282;OriginalHitTemplateId:928390909;","3600","259200","Sat Apr 27 02:52:45 PDT 2024","","","3IGI0VL64A1XXBPK78OTRD89NZXNOI","AL42QQ0WUTNJY","Submitted","Sat Apr 20 03:13:13 PDT 2024","Sat Apr 20 03:28:37 PDT 2024","Tue Apr 23 03:28:37 PDT 2024","","","","924","100% (111/111)","0% (0/0)","0% (0/0)","Receiving a handwritten letter from an old friend made my day.","Positive","Positive"
"30ZKOOGW2YN2VGQ02ZGB5RF9Z6KA1J","3JUV1CRER75QH5JIF1IXCFFUAJ32WB","Quick&Short Sentiment analysis","Determine the sentiment of a given sentence.","sentiment, text, easy, NLP, fast","$0.10","Sat Apr 20 02:52:45 PDT 2024","5","BatchId:5212282;OriginalHitTemplateId:928390909;","3600","259200","Sat Apr 27 02:52:45 PDT 2024","","","39N5ACM9HH4UT9XRLYI3YCIFSFCP92","A18RI8LB9C19L6","Submitted","Sat Apr 20 02:54:02 PDT 2024","Sat Apr 20 02:59:10 PDT 2024","Tue Apr 23 02:59:10 PDT 2024","","","","308","0% (0/0)","0% (0/0)","0% (0/0)","I accidentally spilled coffee on my laptop, damaging it beyond repair.","Negative","Negative"
"30ZKOOGW2YN2VGQ02ZGB5RF9Z6KA1J","3JUV1CRER75QH5JIF1IXCFFUAJ32WB","Quick&Short Sentiment analysis","Determine the sentiment of a given sentence.","sentiment, text, easy, NLP, fast","$0.10","Sat Apr 20 02:52:45 PDT 2024","5","BatchId:5212282;OriginalHitTemplateId:928390909;","3600","259200","Sat Apr 27 02:52:45 PDT 2024","","","32EYX73OY3QDPE19W1HJZ3586IARUN","AD5UNXXKBIF3S","Submitted","Sat Apr 20 02:54:34 PDT 2024","Sat Apr 20 02:59:54 PDT 2024","Tue Apr 23 02:59:54 PDT 2024","","","","320","0% (0/0)","0% (0/0)","0% (0/0)","I accidentally spilled coffee on my laptop, damaging it beyond repair.","Negative","Negative"
"30ZKOOGW2YN2VGQ02ZGB5RF9Z6KA1J","3JUV1CRER75QH5JIF1IXCFFUAJ32WB","Quick&Short Sentiment analysis","Determine the sentiment of a given sentence.","sentiment, text, easy, NLP, fast","$0.10","Sat Apr 20 02:52:45 PDT 2024","5","BatchId:5212282;OriginalHitTemplateId:928390909;","3600","259200","Sat Apr 27 02:52:45 PDT 2024","","","3SKRO2GZ748BTDXG4TY2NPEX0TIK1N","A2OXQN2EYB3EEB","Submitted","Sat Apr 20 02:54:11 PDT 2024","Sat Apr 20 03:01:33 PDT 2024","Tue Apr 23 03:01:33 PDT 2024","","","","442","100% (2/2)","0% (0/0)","0% (0/0)","I accidentally spilled coffee on my laptop, damaging it beyond repair.","Negative","Negative"
"30ZKOOGW2YN2VGQ02ZGB5RF9Z6KA1J","3JUV1CRER75QH5JIF1IXCFFUAJ32WB","Quick&Short Sentiment analysis","Determine the sentiment of a given sentence.","sentiment, text, easy, NLP, fast","$0.10","Sat Apr 20 02:52:45 PDT 2024","5","BatchId:5212282;OriginalHitTemplateId:928390909;","3600","259200","Sat Apr 27 02:52:45 PDT 2024","","","3I7DHKZYGQHZ196L459HA2Z94D6F5Y","A2QMERLPIBQLCS","Submitted","Sat Apr 20 02:55:41 PDT 2024","Sat Apr 20 03:09:50 PDT 2024","Tue Apr 23 03:09:50 PDT 2024","","","","849","100% (7/7)","0% (0/0)","0% (0/0)","I accidentally spilled coffee on my laptop, damaging it beyond repair.","Negative","Negative"
"30ZKOOGW2YN2VGQ02ZGB5RF9Z6KA1J","3JUV1CRER75QH5JIF1IXCFFUAJ32WB","Quick&Short Sentiment analysis","Determine the sentiment of a given sentence.","sentiment, text, easy, NLP, fast","$0.10","Sat Apr 20 02:52:45 PDT 2024","5","BatchId:5212282;OriginalHitTemplateId:928390909;","3600","259200","Sat Apr 27 02:52:45 PDT 2024","","","378XPAWRUFUGH6KS096JLASNCJZIAY","AL42QQ0WUTNJY","Submitted","Sat Apr 20 03:13:01 PDT 2024","Sat Apr 20 03:21:49 PDT 2024","Tue Apr 23 03:21:49 PDT 2024","","","","528","100% (111/111)","0% (0/0)","0% (0/0)","I accidentally spilled coffee on my laptop, damaging it beyond repair.","Negative","Negative"
"3R15W654VFA7831LK5VGF63S1UBLQ7","3JUV1CRER75QH5JIF1IXCFFUAJ32WB","Quick&Short Sentiment analysis","Determine the sentiment of a given sentence.","sentiment, text, easy, NLP, fast","$0.10","Sat Apr 20 02:52:45 PDT 2024","5","BatchId:5212282;OriginalHitTemplateId:928390909;","3600","259200","Sat Apr 27 02:52:45 PDT 2024","","","3AAJC4I4FJ9DDPC6UJ7IE4YWYJVJZC","A2OXQN2EYB3EEB","Submitted","Sat Apr 20 02:53:33 PDT 2024","Sat Apr 20 02:55:48 PDT 2024","Tue Apr 23 02:55:48 PDT 2024","","","","135","100% (2/2)","0% (0/0)","0% (0/0)","The constant noise from the construction site next door disrupted my concentration.","Negative","Negative"
"3R15W654VFA7831LK5VGF63S1UBLQ7","3JUV1CRER75QH5JIF1IXCFFUAJ32WB","Quick&Short Sentiment analysis","Determine the sentiment of a given sentence.","sentiment, text, easy, NLP, fast","$0.10","Sat Apr 20 02:52:45 PDT 2024","5","BatchId:5212282;OriginalHitTemplateId:928390909;","3600","259200","Sat Apr 27 02:52:45 PDT 2024","","","3NKQQ8O391MJO4I4E0MZUEO4RHJUDK","A18RI8LB9C19L6","Submitted","Sat Apr 20 02:54:08 PDT 2024","Sat Apr 20 03:01:19 PDT 2024","Tue Apr 23 03:01:19 PDT 2024","","","","431","0% (0/0)","0% (0/0)","0% (0/0)","The constant noise from the construction site next door disrupted my concentration.","Negative","Negative"
"3R15W654VFA7831LK5VGF63S1UBLQ7","3JUV1CRER75QH5JIF1IXCFFUAJ32WB","Quick&Short Sentiment analysis","Determine the sentiment of a given sentence.","sentiment, text, easy, NLP, fast","$0.10","Sat Apr 20 02:52:45 PDT 2024","5","BatchId:5212282;OriginalHitTemplateId:928390909;","3600","259200","Sat Apr 27 02:52:45 PDT 2024","","","3X65QVEQI3460MPW5QZNJLA3TQECL8","AD5UNXXKBIF3S","Submitted","Sat Apr 20 02:54:43 PDT 2024","Sat Apr 20 03:02:15 PDT 2024","Tue Apr 23 03:02:15 PDT 2024","","","","452","0% (0/0)","0% (0/0)","0% (0/0)","The constant noise from the construction site next door disrupted my concentration.","Negative","Negative"
"3R15W654VFA7831LK5VGF63S1UBLQ7","3JUV1CRER75QH5JIF1IXCFFUAJ32WB","Quick&Short Sentiment analysis","Determine the sentiment of a given sentence.","sentiment, text, easy, NLP, fast","$0.10","Sat Apr 20 02:52:45 PDT 2024","5","BatchId:5212282;OriginalHitTemplateId:928390909;","3600","259200","Sat Apr 27 02:52:45 PDT 2024","","","3B1NLC6UG2D98JKZZ4ODQT42WS7PGT","A2QMERLPIBQLCS","Submitted","Sat Apr 20 02:55:38 PDT 2024","Sat Apr 20 03:08:39 PDT 2024","Tue Apr 23 03:08:39 PDT 2024","","","","781","100% (7/7)","0% (0/0)","0% (0/0)","The constant noise from the construction site next door disrupted my concentration.","Negative","Negative"
"3R15W654VFA7831LK5VGF63S1UBLQ7","3JUV1CRER75QH5JIF1IXCFFUAJ32WB","Quick&Short Sentiment analysis","Determine the sentiment of a given sentence.","sentiment, text, easy, NLP, fast","$0.10","Sat Apr 20 02:52:45 PDT 2024","5","BatchId:5212282;OriginalHitTemplateId:928390909;","3600","259200","Sat Apr 27 02:52:45 PDT 2024","","","3EQHHY4HQV95F92GFPFZSNZL5S6G5Y","AL42QQ0WUTNJY","Submitted","Sat Apr 20 03:13:04 PDT 2024","Sat Apr 20 03:23:21 PDT 2024","Tue Apr 23 03:23:21 PDT 2024","","","","617","100% (111/111)","0% (0/0)","0% (0/0)","The constant noise from the construction site next door disrupted my concentration.","Negative","Negative"
"322ZSN9Z5I1O2BMSVHQUYUC4ZFF4TB","3JUV1CRER75QH5JIF1IXCFFUAJ32WB","Quick&Short Sentiment analysis","Determine the sentiment of a given sentence.","sentiment, text, easy, NLP, fast","$0.10","Sat Apr 20 02:52:45 PDT 2024","5","BatchId:5212282;OriginalHitTemplateId:928390909;","3600","259200","Sat Apr 27 02:52:45 PDT 2024","","","3LQ8PUHQFO9VRTS66FGB2WFRPEPHI8","A18RI8LB9C19L6","Submitted","Sat Apr 20 02:54:01 PDT 2024","Sat Apr 20 02:58:48 PDT 2024","Tue Apr 23 02:58:48 PDT 2024","","","","287","0% (0/0)","0% (0/0)","0% (0/0)","The sunset painted the sky with vibrant hues of orange and pink.","Positive","Positive"
"322ZSN9Z5I1O2BMSVHQUYUC4ZFF4TB","3JUV1CRER75QH5JIF1IXCFFUAJ32WB","Quick&Short Sentiment analysis","Determine the sentiment of a given sentence.","sentiment, text, easy, NLP, fast","$0.10","Sat Apr 20 02:52:45 PDT 2024","5","BatchId:5212282;OriginalHitTemplateId:928390909;","3600","259200","Sat Apr 27 02:52:45 PDT 2024","","","30H4UDGLT5Z90TGLA7M83YOZSEJMPY","AD5UNXXKBIF3S","Submitted","Sat Apr 20 02:54:42 PDT 2024","Sat Apr 20 03:01:53 PDT 2024","Tue Apr 23 03:01:53 PDT 2024","","","","431","0% (0/0)","0% (0/0)","0% (0/0)","The sunset painted the sky with vibrant hues of orange and pink.","Positive","Positive"
"322ZSN9Z5I1O2BMSVHQUYUC4ZFF4TB","3JUV1CRER75QH5JIF1IXCFFUAJ32WB","Quick&Short Sentiment analysis","Determine the sentiment of a given sentence.","sentiment, text, easy, NLP, fast","$0.10","Sat Apr 20 02:52:45 PDT 2024","5","BatchId:5212282;OriginalHitTemplateId:928390909;","3600","259200","Sat Apr 27 02:52:45 PDT 2024","","","3WS1NTTKE1T062KK7Z35T73IN5VF0D","A2OXQN2EYB3EEB","Submitted","Sat Apr 20 02:54:11 PDT 2024","Sat Apr 20 03:01:56 PDT 2024","Tue Apr 23 03:01:56 PDT 2024","","","","465","100% (2/2)","0% (0/0)","0% (0/0)","The sunset painted the sky with vibrant hues of orange and pink.","Positive","Positive"
"322ZSN9Z5I1O2BMSVHQUYUC4ZFF4TB","3JUV1CRER75QH5JIF1IXCFFUAJ32WB","Quick&Short Sentiment analysis","Determine the sentiment of a given sentence.","sentiment, text, easy, NLP, fast","$0.10","Sat Apr 20 02:52:45 PDT 2024","5","BatchId:5212282;OriginalHitTemplateId:928390909;","3600","259200","Sat Apr 27 02:52:45 PDT 2024","","","3VD82FOHKT5E67STIIFFB2EXOVJCOP","A2QMERLPIBQLCS","Submitted","Sat Apr 20 02:55:32 PDT 2024","Sat Apr 20 03:06:48 PDT 2024","Tue Apr 23 03:06:48 PDT 2024","","","","676","100% (7/7)","0% (0/0)","0% (0/0)","The sunset painted the sky with vibrant hues of orange and pink.","Positive","Positive"
"322ZSN9Z5I1O2BMSVHQUYUC4ZFF4TB","3JUV1CRER75QH5JIF1IXCFFUAJ32WB","Quick&Short Sentiment analysis","Determine the sentiment of a given sentence.","sentiment, text, easy, NLP, fast","$0.10","Sat Apr 20 02:52:45 PDT 2024","5","BatchId:5212282;OriginalHitTemplateId:928390909;","3600","259200","Sat Apr 27 02:52:45 PDT 2024","","","386CSBG1O23SB2W8N4UGE7HN7AQQ6J","AL42QQ0WUTNJY","Submitted","Sat Apr 20 03:13:00 PDT 2024","Sat Apr 20 03:21:31 PDT 2024","Tue Apr 23 03:21:31 PDT 2024","","","","511","100% (111/111)","0% (0/0)","0% (0/0)","The sunset painted the sky with vibrant hues of orange and pink.","Positive","Positive"
"3QGTX7BCHRJ2K6ZRFEYMPAJZK7VZ5Q","3JUV1CRER75QH5JIF1IXCFFUAJ32WB","Quick&Short Sentiment analysis","Determine the sentiment of a given sentence.","sentiment, text, easy, NLP, fast","$0.10","Sat Apr 20 02:52:45 PDT 2024","5","BatchId:5212282;OriginalHitTemplateId:928390909;","3600","259200","Sat Apr 27 02:52:45 PDT 2024","","","3A4NIXBJ79GJ981NIFT1MHFFN4IML0","A2OXQN2EYB3EEB","Submitted","Sat Apr 20 02:53:12 PDT 2024","Sat Apr 20 02:55:24 PDT 2024","Tue Apr 23 02:55:24 PDT 2024","","","","132","100% (2/2)","0% (0/0)","0% (0/0)","Losing my wallet with all my identification cards was a nightmare.","Negative","Negative"
"3QGTX7BCHRJ2K6ZRFEYMPAJZK7VZ5Q","3JUV1CRER75QH5JIF1IXCFFUAJ32WB","Quick&Short Sentiment analysis","Determine the sentiment of a given sentence.","sentiment, text, easy, NLP, fast","$0.10","Sat Apr 20 02:52:45 PDT 2024","5","BatchId:5212282;OriginalHitTemplateId:928390909;","3600","259200","Sat Apr 27 02:52:45 PDT 2024","","","3TESA3PJ34R3FQJ8IRUGMUU4N98MM2","A18RI8LB9C19L6","Submitted","Sat Apr 20 02:54:06 PDT 2024","Sat Apr 20 03:00:44 PDT 2024","Tue Apr 23 03:00:44 PDT 2024","","","","398","0% (0/0)","0% (0/0)","0% (0/0)","Losing my wallet with all my identification cards was a nightmare.","Negative","Negative"
"3QGTX7BCHRJ2K6ZRFEYMPAJZK7VZ5Q","3JUV1CRER75QH5JIF1IXCFFUAJ32WB","Quick&Short Sentiment analysis","Determine the sentiment of a given sentence.","sentiment, text, easy, NLP, fast","$0.10","Sat Apr 20 02:52:45 PDT 2024","5","BatchId:5212282;OriginalHitTemplateId:928390909;","3600","259200","Sat Apr 27 02:52:45 PDT 2024","","","3MH9DQ757ZTM0OSVGQN70ZR149ZUGU","AD5UNXXKBIF3S","Submitted","Sat Apr 20 02:54:44 PDT 2024","Sat Apr 20 03:02:32 PDT 2024","Tue Apr 23 03:02:32 PDT 2024","","","","468","0% (0/0)","0% (0/0)","0% (0/0)","Losing my wallet with all my identification cards was a nightmare.","Negative","Negative"
"3QGTX7BCHRJ2K6ZRFEYMPAJZK7VZ5Q","3JUV1CRER75QH5JIF1IXCFFUAJ32WB","Quick&Short Sentiment analysis","Determine the sentiment of a given sentence.","sentiment, text, easy, NLP, fast","$0.10","Sat Apr 20 02:52:45 PDT 2024","5","BatchId:5212282;OriginalHitTemplateId:928390909;","3600","259200","Sat Apr 27 02:52:45 PDT 2024","","","39ASUFLU60OGXEQZF086K35TLB1EXP","A2QMERLPIBQLCS","Submitted","Sat Apr 20 02:53:14 PDT 2024","Sat Apr 20 03:06:19 PDT 2024","Tue Apr 23 03:06:19 PDT 2024","","","","785","100% (7/7)","0% (0/0)","0% (0/0)","Losing my wallet with all my identification cards was a nightmare.","Negative","Negative"
"3QGTX7BCHRJ2K6ZRFEYMPAJZK7VZ5Q","3JUV1CRER75QH5JIF1IXCFFUAJ32WB","Quick&Short Sentiment analysis","Determine the sentiment of a given sentence.","sentiment, text, easy, NLP, fast","$0.10","Sat Apr 20 02:52:45 PDT 2024","5","BatchId:5212282;OriginalHitTemplateId:928390909;","3600","259200","Sat Apr 27 02:52:45 PDT 2024","","","37FMASSAYF8L0GPK6N6FGLCTU1KIBT","AL42QQ0WUTNJY","Submitted","Sat Apr 20 03:13:02 PDT 2024","Sat Apr 20 03:22:05 PDT 2024","Tue Apr 23 03:22:05 PDT 2024","","","","543","100% (111/111)","0% (0/0)","0% (0/0)","Losing my wallet with all my identification cards was a nightmare.","Negative","Negative"
"3DQYSJDTYNSDBUS5PX34WJ91P0XEXA","3JUV1CRER75QH5JIF1IXCFFUAJ32WB","Quick&Short Sentiment analysis","Determine the sentiment of a given sentence.","sentiment, text, easy, NLP, fast","$0.10","Sat Apr 20 02:52:45 PDT 2024","5","BatchId:5212282;OriginalHitTemplateId:928390909;","3600","259200","Sat Apr 27 02:52:45 PDT 2024","","","3R0T90IZ1VTQEUBVUZ276T5VX9SCG2","A2OXQN2EYB3EEB","Submitted","Sat Apr 20 02:54:02 PDT 2024","Sat Apr 20 02:56:19 PDT 2024","Tue Apr 23 02:56:19 PDT 2024","","","","137","100% (2/2)","0% (0/0)","0% (0/0)","My friend surprised me with tickets to my favorite concert.","Positive","Positive"
"3DQYSJDTYNSDBUS5PX34WJ91P0XEXA","3JUV1CRER75QH5JIF1IXCFFUAJ32WB","Quick&Short Sentiment analysis","Determine the sentiment of a given sentence.","sentiment, text, easy, NLP, fast","$0.10","Sat Apr 20 02:52:45 PDT 2024","5","BatchId:5212282;OriginalHitTemplateId:928390909;","3600","259200","Sat Apr 27 02:52:45 PDT 2024","","","33JKGHPFYFB9X848US9GZ9J4SZIMN2","A18RI8LB9C19L6","Submitted","Sat Apr 20 02:54:07 PDT 2024","Sat Apr 20 03:01:01 PDT 2024","Tue Apr 23 03:01:01 PDT 2024","","","","414","0% (0/0)","0% (0/0)","0% (0/0)","My friend surprised me with tickets to my favorite concert.","Positive","Positive"
"3DQYSJDTYNSDBUS5PX34WJ91P0XEXA","3JUV1CRER75QH5JIF1IXCFFUAJ32WB","Quick&Short Sentiment analysis","Determine the sentiment of a given sentence.","sentiment, text, easy, NLP, fast","$0.10","Sat Apr 20 02:52:45 PDT 2024","5","BatchId:5212282;OriginalHitTemplateId:928390909;","3600","259200","Sat Apr 27 02:52:45 PDT 2024","","","3X4MXAO0BJ5QHIQER1WKHRQ5RYLRWM","AD5UNXXKBIF3S","Submitted","Sat Apr 20 02:54:40 PDT 2024","Sat Apr 20 03:01:19 PDT 2024","Tue Apr 23 03:01:19 PDT 2024","","","","399","0% (0/0)","0% (0/0)","0% (0/0)","My friend surprised me with tickets to my favorite concert.","Positive","Positive"
"3DQYSJDTYNSDBUS5PX34WJ91P0XEXA","3JUV1CRER75QH5JIF1IXCFFUAJ32WB","Quick&Short Sentiment analysis","Determine the sentiment of a given sentence.","sentiment, text, easy, NLP, fast","$0.10","Sat Apr 20 02:52:45 PDT 2024","5","BatchId:5212282;OriginalHitTemplateId:928390909;","3600","259200","Sat Apr 27 02:52:45 PDT 2024","","","3SNLUL3WO742MG6WRHKNDRW90QLUL0","A2QMERLPIBQLCS","Submitted","Sat Apr 20 02:55:42 PDT 2024","Sat Apr 20 03:10:08 PDT 2024","Tue Apr 23 03:10:08 PDT 2024","","","","866","100% (7/7)","0% (0/0)","0% (0/0)","My friend surprised me with tickets to my favorite concert.","Positive","Positive"
"3DQYSJDTYNSDBUS5PX34WJ91P0XEXA","3JUV1CRER75QH5JIF1IXCFFUAJ32WB","Quick&Short Sentiment analysis","Determine the sentiment of a given sentence.","sentiment, text, easy, NLP, fast","$0.10","Sat Apr 20 02:52:45 PDT 2024","5","BatchId:5212282;OriginalHitTemplateId:928390909;","3600","259200","Sat Apr 27 02:52:45 PDT 2024","","","3R8YZBNQ9KZBF2AD6EZ8KLHJ2LAQ7I","AL42QQ0WUTNJY","Submitted","Sat Apr 20 03:13:06 PDT 2024","Sat Apr 20 03:24:22 PDT 2024","Tue Apr 23 03:24:22 PDT 2024","","","","676","100% (111/111)","0% (0/0)","0% (0/0)","My friend surprised me with tickets to my favorite concert.","Positive","Positive"
"3IZVJEBJ6C1Y3AZ5KX8RHGXZG26Z66","3JUV1CRER75QH5JIF1IXCFFUAJ32WB","Quick&Short Sentiment analysis","Determine the sentiment of a given sentence.","sentiment, text, easy, NLP, fast","$0.10","Sat Apr 20 02:52:45 PDT 2024","5","BatchId:5212282;OriginalHitTemplateId:928390909;","3600","259200","Sat Apr 27 02:52:45 PDT 2024","","","3VHP9MDGRQ1K0UF0JFWPO85JWUSCF3","A2OXQN2EYB3EEB","Submitted","Sat Apr 20 02:54:08 PDT 2024","Sat Apr 20 02:57:56 PDT 2024","Tue Apr 23 02:57:56 PDT 2024","","","","228","100% (2/2)","0% (0/0)","0% (0/0)","After weeks of hard work, I finally completed my project, and it turned out better than I imagined.","Positive","Positive"
"3IZVJEBJ6C1Y3AZ5KX8RHGXZG26Z66","3JUV1CRER75QH5JIF1IXCFFUAJ32WB","Quick&Short Sentiment analysis","Determine the sentiment of a given sentence.","sentiment, text, easy, NLP, fast","$0.10","Sat Apr 20 02:52:45 PDT 2024","5","BatchId:5212282;OriginalHitTemplateId:928390909;","3600","259200","Sat Apr 27 02:52:45 PDT 2024","","","3E47SOBEYTD4ALHQKN2AR5IBCMKCIU","A18RI8LB9C19L6","Submitted","Sat Apr 20 02:54:04 PDT 2024","Sat Apr 20 03:00:12 PDT 2024","Tue Apr 23 03:00:12 PDT 2024","","","","368","0% (0/0)","0% (0/0)","0% (0/0)","After weeks of hard work, I finally completed my project, and it turned out better than I imagined.","Positive","Positive"
"3IZVJEBJ6C1Y3AZ5KX8RHGXZG26Z66","3JUV1CRER75QH5JIF1IXCFFUAJ32WB","Quick&Short Sentiment analysis","Determine the sentiment of a given sentence.","sentiment, text, easy, NLP, fast","$0.10","Sat Apr 20 02:52:45 PDT 2024","5","BatchId:5212282;OriginalHitTemplateId:928390909;","3600","259200","Sat Apr 27 02:52:45 PDT 2024","","","3DY4FPOOA45D2TQ91RROVP7RKPJRVC","AD5UNXXKBIF3S","Submitted","Sat Apr 20 02:54:38 PDT 2024","Sat Apr 20 03:00:48 PDT 2024","Tue Apr 23 03:00:48 PDT 2024","","","","370","0% (0/0)","0% (0/0)","0% (0/0)","After weeks of hard work, I finally completed my project, and it turned out better than I imagined.","Positive","Positive"
"3IZVJEBJ6C1Y3AZ5KX8RHGXZG26Z66","3JUV1CRER75QH5JIF1IXCFFUAJ32WB","Quick&Short Sentiment analysis","Determine the sentiment of a given sentence.","sentiment, text, easy, NLP, fast","$0.10","Sat Apr 20 02:52:45 PDT 2024","5","BatchId:5212282;OriginalHitTemplateId:928390909;","3600","259200","Sat Apr 27 02:52:45 PDT 2024","","","3FIJLY1B6XL3UJO4OKIV884QVD7PFU","A2QMERLPIBQLCS","Submitted","Sat Apr 20 02:55:35 PDT 2024","Sat Apr 20 03:07:36 PDT 2024","Tue Apr 23 03:07:36 PDT 2024","","","","721","100% (7/7)","0% (0/0)","0% (0/0)","After weeks of hard work, I finally completed my project, and it turned out better than I imagined.","Positive","Positive"
"3IZVJEBJ6C1Y3AZ5KX8RHGXZG26Z66","3JUV1CRER75QH5JIF1IXCFFUAJ32WB","Quick&Short Sentiment analysis","Determine the sentiment of a given sentence.","sentiment, text, easy, NLP, fast","$0.10","Sat Apr 20 02:52:45 PDT 2024","5","BatchId:5212282;OriginalHitTemplateId:928390909;","3600","259200","Sat Apr 27 02:52:45 PDT 2024","","","3UWN2HHPU1MCV3HDEP52BIIAKO0SNK","AL42QQ0WUTNJY","Submitted","Sat Apr 20 03:13:09 PDT 2024","Sat Apr 20 03:26:39 PDT 2024","Tue Apr 23 03:26:39 PDT 2024","","","","810","100% (111/111)","0% (0/0)","0% (0/0)","After weeks of hard work, I finally completed my project, and it turned out better than I imagined.","Positive","Positive"
"3XDJY5RK5U232O1HVMG43QY6ITM4U2","3JUV1CRER75QH5JIF1IXCFFUAJ32WB","Quick&Short Sentiment analysis","Determine the sentiment of a given sentence.","sentiment, text, easy, NLP, fast","$0.10","Sat Apr 20 02:52:46 PDT 2024","5","BatchId:5212282;OriginalHitTemplateId:928390909;","3600","259200","Sat Apr 27 02:52:46 PDT 2024","","","3FTF2T8WLUZKDIUSXKWYQ6QBLCF9WH","A2OXQN2EYB3EEB","Submitted","Sat Apr 20 02:53:11 PDT 2024","Sat Apr 20 02:55:07 PDT 2024","Tue Apr 23 02:55:07 PDT 2024","","","","116","100% (2/2)","0% (0/0)","0% (0/0)","Walking through the flower garden, I couldn't help but feel a sense of serenity wash over me.","Positive","Positive"
"3XDJY5RK5U232O1HVMG43QY6ITM4U2","3JUV1CRER75QH5JIF1IXCFFUAJ32WB","Quick&Short Sentiment analysis","Determine the sentiment of a given sentence.","sentiment, text, easy, NLP, fast","$0.10","Sat Apr 20 02:52:46 PDT 2024","5","BatchId:5212282;OriginalHitTemplateId:928390909;","3600","259200","Sat Apr 27 02:52:46 PDT 2024","","","3YZ8UPK3VW39JCCQE4ROA86M6H7UCK","A18RI8LB9C19L6","Submitted","Sat Apr 20 02:54:05 PDT 2024","Sat Apr 20 03:00:28 PDT 2024","Tue Apr 23 03:00:28 PDT 2024","","","","383","0% (0/0)","0% (0/0)","0% (0/0)","Walking through the flower garden, I couldn't help but feel a sense of serenity wash over me.","Positive","Positive"
"3XDJY5RK5U232O1HVMG43QY6ITM4U2","3JUV1CRER75QH5JIF1IXCFFUAJ32WB","Quick&Short Sentiment analysis","Determine the sentiment of a given sentence.","sentiment, text, easy, NLP, fast","$0.10","Sat Apr 20 02:52:46 PDT 2024","5","BatchId:5212282;OriginalHitTemplateId:928390909;","3600","259200","Sat Apr 27 02:52:46 PDT 2024","","","3FDJT1UU77PAHVYZ5G0EQFREC9NK55","AD5UNXXKBIF3S","Submitted","Sat Apr 20 02:54:46 PDT 2024","Sat Apr 20 03:03:16 PDT 2024","Tue Apr 23 03:03:16 PDT 2024","","","","510","0% (0/0)","0% (0/0)","0% (0/0)","Walking through the flower garden, I couldn't help but feel a sense of serenity wash over me.","Positive","Positive"
"3XDJY5RK5U232O1HVMG43QY6ITM4U2","3JUV1CRER75QH5JIF1IXCFFUAJ32WB","Quick&Short Sentiment analysis","Determine the sentiment of a given sentence.","sentiment, text, easy, NLP, fast","$0.10","Sat Apr 20 02:52:46 PDT 2024","5","BatchId:5212282;OriginalHitTemplateId:928390909;","3600","259200","Sat Apr 27 02:52:46 PDT 2024","","","33M4IA01QJI56IV416S6JA4C00RRXF","A2QMERLPIBQLCS","Submitted","Sat Apr 20 02:55:37 PDT 2024","Sat Apr 20 03:08:09 PDT 2024","Tue Apr 23 03:08:09 PDT 2024","","","","752","100% (7/7)","0% (0/0)","0% (0/0)","Walking through the flower garden, I couldn't help but feel a sense of serenity wash over me.","Positive","Positive"
"3XDJY5RK5U232O1HVMG43QY6ITM4U2","3JUV1CRER75QH5JIF1IXCFFUAJ32WB","Quick&Short Sentiment analysis","Determine the sentiment of a given sentence.","sentiment, text, easy, NLP, fast","$0.10","Sat Apr 20 02:52:46 PDT 2024","5","BatchId:5212282;OriginalHitTemplateId:928390909;","3600","259200","Sat Apr 27 02:52:46 PDT 2024","","","3ZOTGHDK5LSUDOHPF45FQ7IFAY5SOZ","AL42QQ0WUTNJY","Submitted","Sat Apr 20 03:13:12 PDT 2024","Sat Apr 20 03:28:14 PDT 2024","Tue Apr 23 03:28:14 PDT 2024","","","","902","100% (111/111)","0% (0/0)","0% (0/0)","Walking through the flower garden, I couldn't help but feel a sense of serenity wash over me.","Positive","Positive"
"3RZS0FBRWMRT5N607FNSCINV2PBCPR","3JUV1CRER75QH5JIF1IXCFFUAJ32WB","Quick&Short Sentiment analysis","Determine the sentiment of a given sentence.","sentiment, text, easy, NLP, fast","$0.10","Sat Apr 20 02:52:46 PDT 2024","5","BatchId:5212282;OriginalHitTemplateId:928390909;","3600","259200","Sat Apr 27 02:52:46 PDT 2024","","","323Q6SJS8LXBH2QG57AQZZ2Z9MXHFH","A2OXQN2EYB3EEB","Submitted","Sat Apr 20 02:53:08 PDT 2024","Sat Apr 20 02:53:58 PDT 2024","Tue Apr 23 02:53:58 PDT 2024","","","","50","100% (2/2)","0% (0/0)","0% (0/0)","Getting a low grade on my exam despite studying hard was disheartening.","Negative","Negative"
"3RZS0FBRWMRT5N607FNSCINV2PBCPR","3JUV1CRER75QH5JIF1IXCFFUAJ32WB","Quick&Short Sentiment analysis","Determine the sentiment of a given sentence.","sentiment, text, easy, NLP, fast","$0.10","Sat Apr 20 02:52:46 PDT 2024","5","BatchId:5212282;OriginalHitTemplateId:928390909;","3600","259200","Sat Apr 27 02:52:46 PDT 2024","","","3DL65MZB8GWSUGF4O4CJ6QKJKTDCEL","A18RI8LB9C19L6","Submitted","Sat Apr 20 02:53:57 PDT 2024","Sat Apr 20 02:57:37 PDT 2024","Tue Apr 23 02:57:37 PDT 2024","","","","220","0% (0/0)","0% (0/0)","0% (0/0)","Getting a low grade on my exam despite studying hard was disheartening.","Negative","Negative"
"3RZS0FBRWMRT5N607FNSCINV2PBCPR","3JUV1CRER75QH5JIF1IXCFFUAJ32WB","Quick&Short Sentiment analysis","Determine the sentiment of a given sentence.","sentiment, text, easy, NLP, fast","$0.10","Sat Apr 20 02:52:46 PDT 2024","5","BatchId:5212282;OriginalHitTemplateId:928390909;","3600","259200","Sat Apr 27 02:52:46 PDT 2024","","","3C44YUNSI466WZA8XEN5K815J0RPDJ","AD5UNXXKBIF3S","Submitted","Sat Apr 20 02:54:45 PDT 2024","Sat Apr 20 03:02:49 PDT 2024","Tue Apr 23 03:02:49 PDT 2024","","","","484","0% (0/0)","0% (0/0)","0% (0/0)","Getting a low grade on my exam despite studying hard was disheartening.","Negative","Negative"
"3RZS0FBRWMRT5N607FNSCINV2PBCPR","3JUV1CRER75QH5JIF1IXCFFUAJ32WB","Quick&Short Sentiment analysis","Determine the sentiment of a given sentence.","sentiment, text, easy, NLP, fast","$0.10","Sat Apr 20 02:52:46 PDT 2024","5","BatchId:5212282;OriginalHitTemplateId:928390909;","3600","259200","Sat Apr 27 02:52:46 PDT 2024","","","3L4PIM1GQWXU6NLE62E82OBL26LRYL","A2QMERLPIBQLCS","Submitted","Sat Apr 20 02:55:40 PDT 2024","Sat Apr 20 03:09:34 PDT 2024","Tue Apr 23 03:09:34 PDT 2024","","","","834","100% (7/7)","0% (0/0)","0% (0/0)","Getting a low grade on my exam despite studying hard was disheartening.","Negative","Negative"
"3RZS0FBRWMRT5N607FNSCINV2PBCPR","3JUV1CRER75QH5JIF1IXCFFUAJ32WB","Quick&Short Sentiment analysis","Determine the sentiment of a given sentence.","sentiment, text, easy, NLP, fast","$0.10","Sat Apr 20 02:52:46 PDT 2024","5","BatchId:5212282;OriginalHitTemplateId:928390909;","3600","259200","Sat Apr 27 02:52:46 PDT 2024","","","33JKGHPFYFB9X848US9GZ9J4SZINM3","AL42QQ0WUTNJY","Submitted","Sat Apr 20 03:12:59 PDT 2024","Sat Apr 20 03:20:48 PDT 2024","Tue Apr 23 03:20:48 PDT 2024","","","","469","100% (111/111)","0% (0/0)","0% (0/0)","Getting a low grade on my exam despite studying hard was disheartening.","Negative","Negative"
"301KG0KX9E2OUOGAR9QHRWCI47OH2I","3JUV1CRER75QH5JIF1IXCFFUAJ32WB","Quick&Short Sentiment analysis","Determine the sentiment of a given sentence.","sentiment, text, easy, NLP, fast","$0.10","Sat Apr 20 02:52:46 PDT 2024","5","BatchId:5212282;OriginalHitTemplateId:928390909;","3600","259200","Sat Apr 27 02:52:46 PDT 2024","","","3U0SRXB7CGM0UOH0Z05XL8DEYMHRNV","A18RI8LB9C19L6","Submitted","Sat Apr 20 02:53:14 PDT 2024","Sat Apr 20 02:56:42 PDT 2024","Tue Apr 23 02:56:42 PDT 2024","","","","208","0% (0/0)","0% (0/0)","0% (0/0)","Hearing bad news from a loved one always weighs heavily on my mind.","Negative","Negative"
"301KG0KX9E2OUOGAR9QHRWCI47OH2I","3JUV1CRER75QH5JIF1IXCFFUAJ32WB","Quick&Short Sentiment analysis","Determine the sentiment of a given sentence.","sentiment, text, easy, NLP, fast","$0.10","Sat Apr 20 02:52:46 PDT 2024","5","BatchId:5212282;OriginalHitTemplateId:928390909;","3600","259200","Sat Apr 27 02:52:46 PDT 2024","","","3YT88D1N0BF73GBVRXCLBITUYDWK3F","AD5UNXXKBIF3S","Submitted","Sat Apr 20 02:54:35 PDT 2024","Sat Apr 20 03:00:07 PDT 2024","Tue Apr 23 03:00:07 PDT 2024","","","","332","0% (0/0)","0% (0/0)","0% (0/0)","Hearing bad news from a loved one always weighs heavily on my mind.","Negative","Negative"
"301KG0KX9E2OUOGAR9QHRWCI47OH2I","3JUV1CRER75QH5JIF1IXCFFUAJ32WB","Quick&Short Sentiment analysis","Determine the sentiment of a given sentence.","sentiment, text, easy, NLP, fast","$0.10","Sat Apr 20 02:52:46 PDT 2024","5","BatchId:5212282;OriginalHitTemplateId:928390909;","3600","259200","Sat Apr 27 02:52:46 PDT 2024","","","38BQUHLA9ZHRFT4KV79TEYJ9I9NMOH","A2OXQN2EYB3EEB","Submitted","Sat Apr 20 02:54:13 PDT 2024","Sat Apr 20 03:02:32 PDT 2024","Tue Apr 23 03:02:32 PDT 2024","","","","499","100% (2/2)","0% (0/0)","0% (0/0)","Hearing bad news from a loved one always weighs heavily on my mind.","Negative","Negative"
"301KG0KX9E2OUOGAR9QHRWCI47OH2I","3JUV1CRER75QH5JIF1IXCFFUAJ32WB","Quick&Short Sentiment analysis","Determine the sentiment of a given sentence.","sentiment, text, easy, NLP, fast","$0.10","Sat Apr 20 02:52:46 PDT 2024","5","BatchId:5212282;OriginalHitTemplateId:928390909;","3600","259200","Sat Apr 27 02:52:46 PDT 2024","","","32Z9ZLUT1O15NF394ATGMTBD1NOHO3","A2QMERLPIBQLCS","Submitted","Sat Apr 20 02:55:31 PDT 2024","Sat Apr 20 03:05:56 PDT 2024","Tue Apr 23 03:05:56 PDT 2024","","","","625","100% (7/7)","0% (0/0)","0% (0/0)","Hearing bad news from a loved one always weighs heavily on my mind.","Negative","Negative"
"301KG0KX9E2OUOGAR9QHRWCI47OH2I","3JUV1CRER75QH5JIF1IXCFFUAJ32WB","Quick&Short Sentiment analysis","Determine the sentiment of a given sentence.","sentiment, text, easy, NLP, fast","$0.10","Sat Apr 20 02:52:46 PDT 2024","5","BatchId:5212282;OriginalHitTemplateId:928390909;","3600","259200","Sat Apr 27 02:52:46 PDT 2024","","","369J354OFGR1YD2UK8P4KTDL1NHG6E","AL42QQ0WUTNJY","Submitted","Sat Apr 20 03:13:09 PDT 2024","Sat Apr 20 03:24:54 PDT 2024","Tue Apr 23 03:24:54 PDT 2024","","","","705","100% (111/111)","0% (0/0)","0% (0/0)","Hearing bad news from a loved one always weighs heavily on my mind.","Negative","Negative"