Sentence,First,Second,Third,Fourth
It provides a nice cushion and good support for my wrist .,It provides a nice cushion and good support for my wrist .,It provides a nice cushion and good support for my wrist .,It provides a nice cushion and good support for my wrist .,It provides a nice cushion and good support for my wrist .
Dogs love it !,Dogs love it !,Dogs love it !,Dogs love it !,Dogs love it !
I love KitKat .  ,I love KitKat .  ,I love KitKat .  ,I love KitKat .  ,I love KitKat .  
Very cliched story and yet it provides entertainment on a boring   night,Very cliched story and yet it provides entertainment on a boring   night,Very cliched story and yet it provides entertainment on a boring   night,Very cliched story and yet it provides entertainment on a boring   night,Very cliched story and yet it provides entertainment on a boring   night
Lovely look in my ceiling fan clear light fixture which provides nice light .,Lovely look in my ceiling fan clear light fixture which provides nice light .,Lovely look in my ceiling fan clear light fixture which provides nice light .,Lovely look in my ceiling fan clear light fixture which provides nice light .,Lovely look in my ceiling fan clear light fixture which provides nice light .
"It provides pretty good air flow for being operated with batteries , and it seems to last quite a while too .","It provides pretty good air flow for being operated with batteries , and it seems to last quite a while too .","It provides pretty good air flow for being operated with batteries , and it seems to last quite a while too .","It provides pretty good air flow for being operated with batteries , and it seems to last quite a while too .","It provides pretty good air flow for being operated with batteries , and it seems to last quite a while too ."
The stipling on the handle provides a great grip and all of my friends wanted to rush out and by one after holding it .,The stipling on the handle provides a great grip and all of my friends wanted to rush out and by one after holding it .,The stipling on the handle provides a great grip and all of my friends wanted to rush out and by one after holding it .,The stipling on the handle provides a great grip and all of my friends wanted to rush out and by one after holding it .,The stipling on the handle provides a great grip and all of my friends wanted to rush out and by one after holding it .
Animal Farm provides a very good stylization of the Soviet premise .,Animal Farm provides a very good stylization of the Soviet premise .,Animal Farm provides a very good stylization of the Soviet premise .,Animal Farm provides a very good stylization of the Soviet premise .,Animal Farm provides a very good stylization of the Soviet premise .
I love the fabric design as it will not show dirt as much as other designs I was considering .,I love the fabric design as it will not show dirt as much as other designs I was considering .,I love the fabric design as it will not show dirt as much as other designs I was considering .,I love the fabric design as it will not show dirt as much as other designs I was considering .,I love the fabric design as it will not show dirt as much as other designs I was considering .
"Easy to install , and printer produces great products .","Easy to install , and printer produces great products .","Easy to install , and printer produces great products .","Easy to install , and printer produces great products .","Easy to install , and printer produces great products ."
I love this tea and appreciate the strong aroma .,I love this tea and appreciate the strong aroma .,I love this tea and appreciate the strong aroma .,I love this tea and appreciate the strong aroma .,I love this tea and appreciate the strong aroma .
I love the depth of the black smokey colors and the dark feel of the charcoals .,I love the depth of the black smokey colors and the dark feel of the charcoals .,I love the depth of the black smokey colors and the dark feel of the charcoals .,I love the depth of the black smokey colors and the dark feel of the charcoals .,I love the depth of the black smokey colors and the dark feel of the charcoals .
I totally love it .,I totally love it .,I totally love it .,I totally love it .,I totally love it .
"Believe me , you 'll enjoy reading His Captive Mortal as much as I did .","Believe me , you 'll enjoy reading His Captive Mortal as much as I did .","Believe me , you 'll enjoy reading His Captive Mortal as much as I did .","Believe me , you 'll enjoy reading His Captive Mortal as much as I did .","Believe me , you 'll enjoy reading His Captive Mortal as much as I did ."
I love these dissolving breath strips !,I love these dissolving breath strips !,I love these dissolving breath strips !,I love these dissolving breath strips !,I love these dissolving breath strips !
I love it .,I love it .,I love it .,I love it .,I love it .
We use it for our goats and they love it !,We use it for our goats and they love it !,We use it for our goats and they love it !,We use it for our goats and they love it !,We use it for our goats and they love it !
He is acting better than before he got hurt .,He is acting better than before he got hurt .,He is acting better than before he got hurt .,He is acting better than before he got hurt .,He is acting better than before he got hurt .
Yeah for what I paid for it I guess I can not complain .,Yeah for what I paid for it I guess I can not complain .,Yeah for what I paid for it I guess I can not complain .,Yeah for what I paid for it I guess I can not complain .,Yeah for what I paid for it I guess I can not complain .
DA is hard to choose but moves into first place as it provides hours and hours of great entertainment .,DA is hard to choose but moves into first place as it provides hours and hours of great entertainment .,DA is hard to choose but moves into first place as it provides hours and hours of great entertainment .,DA is hard to choose but moves into first place as it provides hours and hours of great entertainment .,DA is hard to choose but moves into first place as it provides hours and hours of great entertainment .
I love this mat .,I love this mat .,I love this mat .,I love this mat .,I love this mat .
I love it .,I love it .,I love it .,I love it .,I love it .
You will enjoy the story of survival against all odds .,You will enjoy the story of survival against all odds .,You will enjoy the story of survival against all odds .,You will enjoy the story of survival against all odds .,You will enjoy the story of survival against all odds .
I love the way the author developed the series with each one getting better and better .,I love the way the author developed the series with each one getting better and better .,I love the way the author developed the series with each one getting better and better .,I love the way the author developed the series with each one getting better and better .,I love the way the author developed the series with each one getting better and better .
""" Live from Austin , TX "" provides a great opportunity to do just that .",""" Live from Austin , TX "" provides a great opportunity to do just that .",""" Live from Austin , TX "" provides a great opportunity to do just that .",""" Live from Austin , TX "" provides a great opportunity to do just that .",""" Live from Austin , TX "" provides a great opportunity to do just that ."
", Bjrk creates some groovy , heartbreaking dance tunes as well as some of the best love songs put into recording .",", Bjrk creates some groovy , heartbreaking dance tunes as well as some of the best love songs put into recording .",", Bjrk creates some groovy , heartbreaking dance tunes as well as some of the best love songs put into recording .",", Bjrk creates some groovy , heartbreaking dance tunes as well as some of the best love songs put into recording .",", Bjrk creates some groovy , heartbreaking dance tunes as well as some of the best love songs put into recording ."
"As a parent , I love that feature .","As a parent , I love that feature .","As a parent , I love that feature .","As a parent , I love that feature .","As a parent , I love that feature ."
William Foster is mystery when Sophie and the reader meet him and the how we learn who he is was so well played !,William Foster is mystery when Sophie and the reader meet him and the how we learn who he is was so well played !,William Foster is mystery when Sophie and the reader meet him and the how we learn who he is was so well played !,William Foster is mystery when Sophie and the reader meet him and the how we learn who he is was so well played !,William Foster is mystery when Sophie and the reader meet him and the how we learn who he is was so well played !
It 's actually very beautiful and provides great protection .,It 's actually very beautiful and provides great protection .,It 's actually very beautiful and provides great protection .,It 's actually very beautiful and provides great protection .,It 's actually very beautiful and provides great protection .
"You will enjoy this book if you like sweet romance , mixed up with crazy red heads , and strong shy romantic hockey players .  ","You will enjoy this book if you like sweet romance , mixed up with crazy red heads , and strong shy romantic hockey players .  ","You will enjoy this book if you like sweet romance , mixed up with crazy red heads , and strong shy romantic hockey players .  ","You will enjoy this book if you like sweet romance , mixed up with crazy red heads , and strong shy romantic hockey players .  ","You will enjoy this book if you like sweet romance , mixed up with crazy red heads , and strong shy romantic hockey players .  "
For its size it provides good sound quality .,For its size it provides good sound quality .,For its size it provides good sound quality .,For its size it provides good sound quality .,For its size it provides good sound quality .
This purse is so light you will just love it,This purse is so light you will just love it,This purse is so light you will just love it,This purse is so light you will just love it,This purse is so light you will just love it
F/1.4 performs like a dream in low light and creates a wonderful blur .,F/1.4 performs like a dream in low light and creates a wonderful blur .,F/1.4 performs like a dream in low light and creates a wonderful blur .,F/1.4 performs like a dream in low light and creates a wonderful blur .,F/1.4 performs like a dream in low light and creates a wonderful blur .
dogs love these great service,dogs love these great service,dogs love these great service,dogs love these great service,dogs love these great service
I love her voice and the sound of this album .... a wall of beautiful sound .,I love her voice and the sound of this album .... a wall of beautiful sound .,I love her voice and the sound of this album .... a wall of beautiful sound .,I love her voice and the sound of this album .... a wall of beautiful sound .,I love her voice and the sound of this album .... a wall of beautiful sound .
Cover fits well and provides excellent protection .,Cover fits well and provides excellent protection .,Cover fits well and provides excellent protection .,Cover fits well and provides excellent protection .,Cover fits well and provides excellent protection .
Keep up great work and God bless .,Keep up great work and God bless .,Keep up great work and God bless .,Keep up great work and God bless .,Keep up great work and God bless .
"Overall this is a very fun lens to use , and it produces really amazing images without a ton of effort .","Overall this is a very fun lens to use , and it produces really amazing images without a ton of effort .","Overall this is a very fun lens to use , and it produces really amazing images without a ton of effort .","Overall this is a very fun lens to use , and it produces really amazing images without a ton of effort .","Overall this is a very fun lens to use , and it produces really amazing images without a ton of effort ."
I LOVE how big these are .,I LOVE how big these are .,I LOVE how big these are .,I LOVE how big these are .,I LOVE how big these are .
You 'll enjoy it allot more .,You 'll enjoy it allot more .,You 'll enjoy it allot more .,You 'll enjoy it allot more .,You 'll enjoy it allot more .
"It provides good protection , does n't look cheap , and fits like a glove .","It provides good protection , does n't look cheap , and fits like a glove .","It provides good protection , does n't look cheap , and fits like a glove .","It provides good protection , does n't look cheap , and fits like a glove .","It provides good protection , does n't look cheap , and fits like a glove ."
I feel all warm and cosy inside because now I can light my stove and know I 'll be able to destroy the wild fire monster if he shows up .,I feel all warm and cosy inside because now I can light my stove and know I 'll be able to destroy the wild fire monster if he shows up .,I feel all warm and cosy inside because now I can light my stove and know I 'll be able to destroy the wild fire monster if he shows up .,I feel all warm and cosy inside because now I can light my stove and know I 'll be able to destroy the wild fire monster if he shows up .,I feel all warm and cosy inside because now I can light my stove and know I 'll be able to destroy the wild fire monster if he shows up .
She creates characters that are just so enjoyable too get to know .,She creates characters that are just so enjoyable too get to know .,She creates characters that are just so enjoyable too get to know .,She creates characters that are just so enjoyable too get to know .,She creates characters that are just so enjoyable too get to know .
"This is no exception , and produces a nice , fine grate for cheese .","This is no exception , and produces a nice , fine grate for cheese .","This is no exception , and produces a nice , fine grate for cheese .","This is no exception , and produces a nice , fine grate for cheese .","This is no exception , and produces a nice , fine grate for cheese ."
"

 Island in the Sun often generates negative reviews , but it is , contrary to myth , an exceptional motion picture .","

 Island in the Sun often generates negative reviews , but it is , contrary to myth , an exceptional motion picture .","

 Island in the Sun often generates negative reviews , but it is , contrary to myth , an exceptional motion picture .","

 Island in the Sun often generates negative reviews , but it is , contrary to myth , an exceptional motion picture .","

 Island in the Sun often generates negative reviews , but it is , contrary to myth , an exceptional motion picture ."
"They love them , and laugh and giggle and imagine .","They love them , and laugh and giggle and imagine .","They love them , and laugh and giggle and imagine .","They love them , and laugh and giggle and imagine .","They love them , and laugh and giggle and imagine ."
I just love this album and am disappointed to learn that Helen has no others to offer .,I just love this album and am disappointed to learn that Helen has no others to offer .,I just love this album and am disappointed to learn that Helen has no others to offer .,I just love this album and am disappointed to learn that Helen has no others to offer .,I just love this album and am disappointed to learn that Helen has no others to offer .
I love love love Trey .,I love love love Trey .,I love love love Trey .,I love love love Trey .,I love love love Trey .
The zoom works fine and the light provides a good beam .,The zoom works fine and the light provides a good beam .,The zoom works fine and the light provides a good beam .,The zoom works fine and the light provides a good beam .,The zoom works fine and the light provides a good beam .
The author creates heartbreaking scenes written with hints of gentle wittiness .,The author creates heartbreaking scenes written with hints of gentle wittiness .,The author creates heartbreaking scenes written with hints of gentle wittiness .,The author creates heartbreaking scenes written with hints of gentle wittiness .,The author creates heartbreaking scenes written with hints of gentle wittiness .
